City,Lat,Lng,Max Temp,Humidity,Cloudiness,Wind Speed,Country,Date,Wind deg,Sunrise,Sunset,Visibility,Temp
provideniya,64.3833,-173.3,-13.23,83.0,99.0,7.67,RU,1612034958.0,58.0,1612124222.0,1612149379.0,10000.0,-13.23
inirida,3.8653,-67.9239,93.69,42.0,100.0,2.8,CO,1612034958.0,24.0,1612003582.0,1612046613.0,10000.0,93.69
gannan,47.9147,123.5031,-12.14,89.0,100.0,3.4,CN,1612034959.0,131.0,1612048508.0,1612082612.0,10000.0,-12.14
yulara,-25.2406,130.9889,84.2,37.0,40.0,12.66,AU,1612034960.0,100.0,1612039887.0,1612087639.0,10000.0,84.2
puerto ayora,-0.7393,-90.3518,86.0,66.0,0.0,16.11,EC,1612034960.0,130.0,1612008616.0,1612052346.0,10000.0,83.52
pisco,-13.7,-76.2167,79.0,65.0,0.0,6.91,PE,1612034960.0,270.0,1612004211.0,1612049965.0,10000.0,77.83
jamestown,42.097,-79.2353,26.01,68.0,90.0,3.44,US,1612034692.0,60.0,1612009902.0,1612045723.0,10000.0,25.3
cherskiy,68.75,161.3,-36.9,83.0,16.0,2.3,RU,1612034962.0,169.0,1612046893.0,1612066082.0,10000.0,-36.9
hermanus,-34.4187,19.2345,66.99,83.0,2.0,1.01,ZA,1612034962.0,292.0,1611979301.0,1612029053.0,10000.0,66.99
kapaa,22.0752,-159.319,71.6,94.0,90.0,17.27,US,1612034962.0,50.0,1612026969.0,1612067101.0,10000.0,70.12
punta arenas,-53.15,-70.9167,59.0,51.0,0.0,25.32,CL,1612034963.0,270.0,1611997840.0,1612053792.0,10000.0,59.0
georgetown,5.4112,100.3354,80.01,83.0,20.0,3.44,MY,1612034915.0,50.0,1612049719.0,1612092522.0,8000.0,77.83
hambantota,6.1241,81.1185,75.2,100.0,40.0,3.44,LK,1612034964.0,70.0,1612054385.0,1612097081.0,10000.0,75.2
santa lucia,27.9117,-15.5407,66.0,72.0,20.0,23.02,ES,1612034965.0,20.0,1611993005.0,1612032044.0,10000.0,65.23
bambous virieux,-20.3428,57.7575,79.0,89.0,20.0,5.75,MU,1612034965.0,90.0,1611971480.0,1612018381.0,10000.0,78.89
tiksi,71.6872,128.8694,-26.88,86.0,100.0,5.46,RU,1612034965.0,86.0,1612058064.0,1612070479.0,3345.0,-26.88
mataura,-46.1927,168.8643,48.0,80.0,60.0,8.01,NZ,1612034966.0,220.0,1612028159.0,1612081185.0,10000.0,48.0
fort nelson,58.8053,-122.7002,-18.4,76.0,40.0,1.12,CA,1612034967.0,329.0,1612023712.0,1612052778.0,10000.0,-18.4
vaini,-21.2,-175.2,75.2,94.0,75.0,6.91,TO,1612034967.0,20.0,1612113777.0,1612160735.0,10000.0,75.2
upernavik,72.7868,-56.1549,-9.81,86.0,0.0,8.39,GL,1612034968.0,9.0,1612018892.0,1612025653.0,10000.0,-9.81
rikitea,-23.1203,-134.9692,78.62,77.0,49.0,14.16,PF,1612034968.0,107.0,1612017504.0,1612064876.0,10000.0,78.62
saint-philippe,-21.3585,55.7679,78.8,65.0,0.0,4.61,RE,1612034969.0,80.0,1611971867.0,1612018949.0,10000.0,73.83
tasiilaq,65.6145,-37.6368,17.6,35.0,75.0,18.41,GL,1612034971.0,70.0,1612006172.0,1612029484.0,10000.0,17.6
dikson,73.5069,80.5464,-35.41,82.0,0.0,9.64,RU,1612034972.0,178.0,0.0,0.0,10000.0,-35.41
port alfred,-33.5906,26.891,64.99,89.0,51.0,2.59,ZA,1612034973.0,354.0,1611977559.0,1612027119.0,10000.0,64.99
makakilo city,21.3469,-158.0858,73.4,73.0,75.0,4.61,US,1612034832.0,0.0,1612026610.0,1612066868.0,10000.0,71.58
le port,-20.9373,55.2919,80.6,69.0,20.0,11.5,RE,1612034974.0,140.0,1611972019.0,1612019025.0,10000.0,73.92
ust-kut,56.7938,105.7672,-39.73,77.0,32.0,3.04,RU,1612034975.0,325.0,1612054654.0,1612084980.0,10000.0,-39.73
ancud,-41.8697,-73.8203,68.0,45.0,0.0,6.91,CL,1612034975.0,0.0,1612000669.0,1612052357.0,10000.0,64.76
dingle,10.9995,122.6711,71.4,89.0,100.0,10.71,PH,1612034976.0,9.0,1612044785.0,1612086733.0,10000.0,71.4
port elizabeth,-33.918,25.5701,64.4,94.0,40.0,5.75,ZA,1612034977.0,240.0,1611977838.0,1612027474.0,10000.0,64.4
bluff,-46.6,168.3333,48.0,80.0,97.0,8.01,NZ,1612034978.0,220.0,1612028215.0,1612081383.0,10000.0,48.0
hithadhoo,-0.6,73.0833,82.58,76.0,4.0,14.43,MV,1612034979.0,351.0,1612055808.0,1612099516.0,10000.0,82.58
tuktoyaktuk,69.4541,-133.0374,-36.4,74.0,40.0,0.87,CA,1612034979.0,172.0,1612031829.0,1612049624.0,10000.0,-36.4
tiarei,-17.5333,-149.3333,84.2,65.0,75.0,6.91,PF,1612034980.0,20.0,1612021447.0,1612067829.0,10000.0,84.09
cape town,-33.9258,18.4232,72.0,68.0,20.0,9.22,ZA,1612034918.0,210.0,1611979554.0,1612029190.0,10000.0,69.94
sungaipenuh,-2.0833,101.3833,64.31,94.0,99.0,3.24,ID,1612034981.0,40.0,1612048903.0,1612092835.0,10000.0,64.31
tsalka,41.5946,44.0891,28.24,89.0,6.0,6.93,GE,1612034981.0,242.0,1611980254.0,1612016168.0,10000.0,28.24
coquimbo,-29.9533,-71.3436,66.2,82.0,75.0,13.8,CL,1612034959.0,280.0,1612001553.0,1612050284.0,10000.0,66.2
mount gambier,-37.8333,140.7667,50.0,93.0,2.0,2.73,AU,1612034982.0,152.0,1612036155.0,1612086677.0,10000.0,50.0
maoming,21.65,110.9,60.4,87.0,31.0,8.68,CN,1612034983.0,81.0,1612048474.0,1612088695.0,10000.0,60.4
new norfolk,-42.7826,147.0587,51.01,71.0,22.0,1.01,AU,1612034983.0,278.0,1612033952.0,1612085860.0,10000.0,50.18
cortez,37.3489,-108.5859,37.4,60.0,75.0,9.22,US,1612034983.0,270.0,1612016332.0,1612053383.0,10000.0,33.76
bubaque,11.2833,-15.8333,79.57,66.0,47.0,12.8,GW,1612034984.0,226.0,1611991651.0,1612033537.0,10000.0,79.57
naryan-mar,67.6713,53.087,4.19,94.0,100.0,12.88,RU,1612034984.0,140.0,1611985790.0,1612006313.0,257.0,4.19
maryville,35.7565,-83.9705,37.4,69.0,90.0,4.43,US,1612034985.0,243.0,1612010242.0,1612047657.0,10000.0,35.37
husavik,66.0449,-17.3389,17.6,67.0,90.0,3.44,IS,1612034985.0,0.0,1612001563.0,1612024348.0,10000.0,17.6
eyl,7.9803,49.8164,73.22,76.0,28.0,14.29,SO,1612034986.0,53.0,1611975638.0,1612018035.0,10000.0,73.22
luderitz,-26.6481,15.1594,70.79,53.0,0.0,27.16,NA,1612034994.0,174.0,1611981118.0,1612029192.0,10000.0,70.79
bondeno,44.8862,11.4108,44.01,100.0,75.0,5.75,IT,1612034996.0,30.0,1611988568.0,1612023542.0,4000.0,43.59
talnakh,69.4865,88.3972,-31.13,71.0,0.0,6.04,RU,1612034996.0,128.0,1612064996.0,1612082976.0,10000.0,-31.13
busselton,-33.65,115.3333,64.0,72.0,0.0,1.01,AU,1612034997.0,87.0,1612042772.0,1612092270.0,10000.0,62.91
ventnor city,39.3404,-74.4774,37.0,29.0,1.0,6.91,US,1612034997.0,0.0,1612008396.0,1612044945.0,10000.0,34.48
richards bay,-28.783,32.0377,76.21,82.0,100.0,5.01,ZA,1612034894.0,64.0,1611976849.0,1612025359.0,10000.0,76.21
shubarshi,48.5872,57.1869,18.1,94.0,100.0,6.24,KZ,1612034999.0,47.0,1612064526.0,1612098429.0,10000.0,18.1
iqaluit,63.7506,-68.5145,-7.01,71.0,20.0,18.41,CA,1612035000.0,340.0,1612012607.0,1612037872.0,10000.0,-7.29
greece,43.2098,-77.6931,24.01,73.0,100.0,1.01,US,1612035001.0,287.0,1612009689.0,1612045196.0,9228.0,23.76
ozernovskiy,51.5,156.5167,12.07,95.0,100.0,7.9,RU,1612035001.0,26.0,1612041257.0,1612074014.0,679.0,12.07
parrita,9.5201,-84.3225,80.6,53.0,20.0,20.71,CR,1612035003.0,70.0,1612007951.0,1612050117.0,10000.0,76.08
saint-augustin,51.226,-58.6502,30.52,94.0,87.0,11.36,CA,1612035004.0,334.0,1612006477.0,1612039266.0,10000.0,30.52
mosalsk,54.4881,34.9817,20.39,97.0,100.0,6.38,RU,1612035005.0,187.0,1611984744.0,1612016051.0,4053.0,20.39
avera,33.194,-82.5271,50.0,40.0,1.0,11.5,US,1612035006.0,140.0,1612009611.0,1612047594.0,10000.0,48.38
nouadhibou,20.931,-17.0347,73.4,56.0,66.0,10.36,MR,1612035007.0,340.0,1611992729.0,1612033037.0,7000.0,73.4
souillac,-20.5167,57.5167,78.8,89.0,20.0,5.75,MU,1612035007.0,90.0,1611971522.0,1612018454.0,10000.0,78.8
kodiak,57.79,-152.4072,30.2,59.0,1.0,23.02,US,1612035007.0,300.0,1612030527.0,1612060224.0,10000.0,30.2
victoria,22.2855,114.1577,62.01,76.0,14.0,16.73,HK,1612034866.0,80.0,1612047748.0,1612087858.0,10000.0,59.97
hovd,48.0056,91.6419,9.97,82.0,98.0,0.6,MN,1612035009.0,47.0,1612056163.0,1612090251.0,10000.0,9.97
porto belo,-27.1578,-48.5531,86.0,70.0,0.0,8.05,BR,1612035010.0,270.0,1611996367.0,1612044529.0,10000.0,84.65
praya,14.9215,-23.5087,75.2,57.0,0.0,18.41,CV,1612035010.0,30.0,1611993782.0,1612035091.0,10000.0,75.2
yellowknife,62.456,-114.3525,-11.0,76.0,40.0,4.61,CA,1612035005.0,40.0,1612023018.0,1612049465.0,10000.0,-15.27
esperance,-33.8667,121.9,57.2,88.0,0.0,9.22,AU,1612035011.0,40.0,1612041170.0,1612090719.0,10000.0,57.2
east london,-33.0153,27.9116,71.6,83.0,40.0,5.75,ZA,1612035011.0,240.0,1611977380.0,1612026808.0,10000.0,71.6
albany,42.6001,-73.9662,21.0,46.0,11.0,3.0,US,1612034889.0,302.0,1612008708.0,1612044388.0,10000.0,19.51
port-gentil,-0.7193,8.7815,82.4,83.0,40.0,4.61,GA,1612035012.0,200.0,1611984822.0,1612028550.0,10000.0,82.4
ushuaia,-54.8,-68.3,53.6,58.0,20.0,26.46,AR,1612034739.0,230.0,1611996787.0,1612053588.0,10000.0,53.6
mutsu,41.2894,141.2169,24.8,93.0,75.0,10.36,JP,1612035007.0,240.0,1612043261.0,1612079355.0,3200.0,24.8
hobart,-42.8794,147.3294,51.01,81.0,17.0,3.44,AU,1612034723.0,310.0,1612033872.0,1612085809.0,10000.0,50.05
boca do acre,-8.7522,-67.3978,88.39,64.0,40.0,1.05,BR,1612035014.0,335.0,1612002490.0,1612047453.0,10000.0,88.39
tamandare,-8.7597,-35.1047,80.71,73.0,87.0,8.34,BR,1612035015.0,99.0,1611994737.0,1612039703.0,10000.0,80.71
chapleau,47.8405,-83.4034,15.8,57.0,20.0,3.44,CA,1612035006.0,50.0,1612011784.0,1612045842.0,10000.0,15.8
autazes,-3.5797,-59.1306,88.0,58.0,10.0,4.23,BR,1612035015.0,57.0,1612000905.0,1612045068.0,10000.0,88.0
hilo,19.7297,-155.09,71.6,83.0,90.0,9.22,US,1612035007.0,290.0,1612025753.0,1612066286.0,10000.0,68.02
luangwa,-15.6167,30.4167,74.57,87.0,100.0,0.67,ZM,1612035017.0,96.0,1611978452.0,1612024534.0,10000.0,74.57
nikolskoye,59.7035,30.7861,28.4,93.0,90.0,4.47,RU,1612035017.0,80.0,1611987221.0,1612015588.0,4400.0,27.09
vardo,70.3705,31.1107,24.39,96.0,100.0,21.9,NO,1612035018.0,82.0,1611993579.0,1612009074.0,419.0,24.39
borogontsy,62.6683,131.1683,-43.53,78.0,100.0,2.68,RU,1612035018.0,287.0,1612050530.0,1612076910.0,10000.0,-43.53
soissons,49.3333,3.3333,50.0,89.0,100.0,1.01,FR,1612035019.0,169.0,1611991252.0,1612024736.0,10000.0,49.35
careiro da varzea,-3.2003,-59.8119,82.4,83.0,40.0,2.3,BR,1612035020.0,120.0,1612001098.0,1612045203.0,10000.0,82.4
kathu,7.9178,98.3332,77.0,83.0,20.0,2.3,TH,1612035020.0,0.0,1612050390.0,1612092813.0,10000.0,77.0
narsaq,60.9167,-46.05,41.0,33.0,75.0,37.98,GL,1612035021.0,60.0,1612006056.0,1612033638.0,10000.0,41.0
waingapu,-9.6567,120.2641,78.08,82.0,100.0,16.96,ID,1612035021.0,274.0,1612043791.0,1612088884.0,10000.0,78.08
paamiut,61.994,-49.6678,27.37,88.0,33.0,13.06,GL,1612035022.0,339.0,1612007334.0,1612034097.0,10000.0,27.37
gogrial,8.5332,28.1004,76.28,19.0,2.0,5.84,SS,1612035022.0,358.0,1611980893.0,1612023205.0,10000.0,76.28
evensk,61.95,159.2333,-4.74,82.0,98.0,16.35,RU,1612035023.0,359.0,1612043515.0,1612070452.0,10000.0,-4.74
havre-saint-pierre,50.2334,-63.5986,24.8,58.0,75.0,10.36,CA,1612035023.0,340.0,1612007469.0,1612040650.0,10000.0,24.8
port lincoln,-34.7333,135.8667,59.34,81.0,0.0,11.74,AU,1612035031.0,130.0,1612037714.0,1612087470.0,10000.0,59.34
chuy,-33.6971,-53.4616,79.81,61.0,49.0,14.56,UY,1612035032.0,117.0,1611996845.0,1612046407.0,10000.0,79.81
qaqortoq,60.7167,-46.0333,41.0,33.0,75.0,37.98,GL,1612035032.0,60.0,1612005980.0,1612033707.0,10000.0,41.0
north bend,43.4065,-124.2243,48.2,93.0,90.0,8.3,US,1612035033.0,155.0,1612020876.0,1612056346.0,10000.0,47.28
inta,66.0317,60.1659,-0.9,89.0,100.0,6.87,RU,1612035034.0,139.0,1611982999.0,1612005705.0,10000.0,-0.9
gat,31.61,34.7642,55.0,56.0,0.0,1.99,IL,1612035034.0,134.0,1611981306.0,1612019593.0,10000.0,53.94
guerrero negro,27.9769,-114.0611,64.2,48.0,0.0,15.64,MX,1612035037.0,325.0,1612016648.0,1612055696.0,10000.0,64.2
ribeira grande,38.5167,-28.7,64.4,88.0,20.0,18.41,PT,1612035038.0,240.0,1611997312.0,1612034053.0,9000.0,64.4
qaanaaq,77.484,-69.3632,-9.06,70.0,91.0,1.57,GL,1612035038.0,54.0,0.0,0.0,10000.0,-9.06
avarua,-21.2078,-159.775,82.4,69.0,100.0,2.3,CK,1612035038.0,350.0,1612023634.0,1612070655.0,10000.0,82.4
mackay,-21.15,149.2,78.8,83.0,90.0,17.27,AU,1612035039.0,130.0,1612035891.0,1612082893.0,10000.0,76.5
bethel,41.3712,-73.414,27.0,39.0,1.0,11.5,US,1612035039.0,320.0,1612008406.0,1612044424.0,10000.0,25.5
powell river,49.8496,-124.5361,44.6,81.0,90.0,13.8,CA,1612035040.0,110.0,1612022007.0,1612055365.0,10000.0,43.34
tilichiki,60.4667,166.1,-14.75,90.0,100.0,19.82,RU,1612035041.0,11.0,1612041321.0,1612069350.0,291.0,-14.75
bredasdorp,-34.5322,20.0403,66.99,83.0,5.0,1.01,ZA,1612035041.0,292.0,1611979094.0,1612028873.0,10000.0,66.99
namatanai,-3.6667,152.4333,80.56,78.0,99.0,11.18,PG,1612035042.0,5.0,1612036529.0,1612080702.0,10000.0,80.56
ahuimanu,21.4447,-157.8378,75.2,64.0,40.0,16.11,US,1612035042.0,80.0,1612026559.0,1612066800.0,10000.0,72.28
alofi,-19.0595,-169.9187,77.0,94.0,100.0,5.75,NU,1612035043.0,30.0,1612026258.0,1612072900.0,8459.0,77.0
tchaourou,8.8865,2.5975,81.88,16.0,0.0,4.27,BJ,1612035043.0,18.0,1611987041.0,1612029300.0,10000.0,81.88
tabou,4.423,-7.3528,78.48,87.0,45.0,7.29,CI,1612035044.0,247.0,1611989086.0,1612032031.0,10000.0,78.48
nanortalik,60.1432,-45.2371,32.13,90.0,100.0,8.68,GL,1612035044.0,39.0,1612005587.0,1612033717.0,10000.0,32.13
labuhan,-6.8844,112.2051,77.11,87.0,100.0,8.21,ID,1612035045.0,263.0,1612045940.0,1612090603.0,10000.0,77.11
muisne,0.6,-80.0333,80.6,94.0,75.0,5.75,EC,1612035045.0,360.0,1612006241.0,1612049768.0,10000.0,80.6
viedma,-40.8135,-62.9967,73.0,38.0,36.0,16.82,AR,1612035046.0,100.0,1611998222.0,1612049607.0,10000.0,73.0
lavrentiya,65.5833,-171.0,-19.21,83.0,0.0,6.55,RU,1612035046.0,340.0,1612124283.0,1612148214.0,10000.0,-19.21
waupun,43.6333,-88.7296,33.8,69.0,90.0,18.41,US,1612034907.0,100.0,1612012397.0,1612047786.0,10000.0,31.89
longyearbyen,78.2186,15.6401,-2.2,50.0,20.0,19.57,SJ,1612035047.0,110.0,0.0,0.0,10000.0,-2.2
fairview,40.8126,-73.999,32.0,31.0,1.0,8.05,US,1612035047.0,280.0,1612008472.0,1612044640.0,10000.0,30.94
saint george,37.1041,-113.5841,46.99,81.0,1.0,0.31,US,1612035046.0,126.0,1612017502.0,1612054612.0,10000.0,44.87
bengkulu,-3.8004,102.2655,75.34,88.0,100.0,5.84,ID,1612035048.0,34.0,1612048562.0,1612092753.0,9304.0,75.34
shingu,33.7333,135.9833,42.28,74.0,2.0,8.16,JP,1612035049.0,280.0,1612043612.0,1612081516.0,10000.0,42.28
griffith,41.5284,-87.4237,34.0,64.0,90.0,13.8,US,1612035049.0,130.0,1612011788.0,1612047768.0,10000.0,32.74
ishigaki,24.3448,124.1572,66.15,60.0,83.0,14.45,JP,1612035050.0,105.0,1612045530.0,1612085275.0,10000.0,66.15
uglekamensk,43.2172,133.2303,-10.66,85.0,0.0,5.08,RU,1612035050.0,6.0,1612045443.0,1612081007.0,10000.0,-10.66
lebu,-37.6167,-73.65,62.01,70.0,8.0,11.36,CL,1612035051.0,193.0,1612001215.0,1612051729.0,10000.0,62.01
radcliff,37.8404,-85.9491,42.01,56.0,90.0,9.22,US,1612035052.0,100.0,1612010962.0,1612047886.0,10000.0,41.11
fairbanks,64.8378,-147.7164,-5.01,77.0,90.0,0.98,US,1612034987.0,133.0,1612032109.0,1612056390.0,9656.0,-7.28
kamaishi,39.2667,141.8833,28.2,89.0,30.0,10.38,JP,1612035052.0,272.0,1612042839.0,1612079456.0,10000.0,28.2
san felipe,10.3399,-68.7425,80.01,66.0,32.0,9.82,VE,1612035053.0,44.0,1612004275.0,1612046313.0,10000.0,80.01
saldanha,-33.0117,17.9442,65.3,88.0,0.0,10.6,ZA,1612034794.0,210.0,1611979774.0,1612029199.0,10000.0,65.3
nelson bay,-32.7167,152.15,69.01,100.0,90.0,5.75,AU,1612035054.0,230.0,1612034035.0,1612083332.0,900.0,67.46
sitka,57.0531,-135.33,39.2,60.0,40.0,9.22,US,1612035054.0,100.0,1612026226.0,1612056328.0,10000.0,39.2
catuday,16.2923,119.8062,71.26,71.0,99.0,16.28,PH,1612035055.0,123.0,1612045891.0,1612087003.0,10000.0,71.26
moron,-34.6534,-58.6198,62.6,82.0,90.0,23.02,AR,1612035055.0,120.0,1611997972.0,1612047757.0,4300.0,61.21
rawson,-43.3002,-65.1023,65.41,40.0,3.0,19.84,AR,1612035056.0,112.0,1611998357.0,1612050484.0,10000.0,65.41
lang son,21.8333,106.7333,60.26,79.0,99.0,0.96,VN,1612035063.0,154.0,1612049490.0,1612089680.0,10000.0,60.26
touros,-5.1989,-35.4608,86.0,58.0,20.0,12.66,BR,1612035064.0,170.0,1611995099.0,1612039512.0,10000.0,86.0
lerwick,60.1545,-1.1494,35.6,80.0,75.0,8.05,GB,1612035064.0,340.0,1611995027.0,1612023113.0,10000.0,35.6
baker city,44.7749,-117.8344,42.8,52.0,90.0,14.97,US,1612035064.0,150.0,1612019547.0,1612054608.0,10000.0,37.83
chaplynka,46.3651,33.5403,43.93,86.0,100.0,6.55,UA,1612035065.0,207.0,1611983495.0,1612017992.0,10000.0,43.93
tuatapere,-46.1333,167.6833,48.0,80.0,88.0,8.01,NZ,1612035065.0,220.0,1612028453.0,1612081457.0,10000.0,48.0
castro,-24.7911,-50.0119,69.08,94.0,98.0,5.03,BR,1612035066.0,243.0,1611996948.0,1612044648.0,7046.0,69.08
henties bay,-22.116,14.2845,66.99,84.0,3.0,3.0,NA,1612035066.0,314.0,1611981758.0,1612028972.0,10000.0,66.99
doha,25.2867,51.5333,68.0,64.0,0.0,12.66,QA,1612035067.0,320.0,1611976664.0,1612016184.0,10000.0,67.05
atuona,-9.8,-139.0333,78.93,77.0,13.0,16.55,PF,1612035067.0,101.0,1612019604.0,1612064727.0,10000.0,78.93
nautla,20.2167,-96.7833,78.42,69.0,100.0,17.38,MX,1612035068.0,119.0,1612011803.0,1612052246.0,10000.0,78.42
ottawa,45.4112,-75.6981,16.0,61.0,20.0,9.22,CA,1612035068.0,290.0,1612009539.0,1612044388.0,10000.0,13.21
anuradhapura,8.3565,80.4173,71.85,98.0,21.0,4.52,LK,1612035068.0,35.0,1612054723.0,1612097080.0,10000.0,71.85
ginda,30.6945,78.4932,38.89,48.0,0.0,5.55,IN,1612035069.0,37.0,1612057087.0,1612095640.0,10000.0,38.89
sangar,63.9242,127.4739,-49.52,76.0,86.0,2.06,RU,1612035069.0,293.0,1612051970.0,1612077243.0,7701.0,-49.52
chandler,33.3062,-111.8412,61.0,67.0,1.0,2.84,US,1612035070.0,19.0,1612016656.0,1612054622.0,10000.0,58.14
moncton,46.1159,-64.8019,21.0,49.0,75.0,10.36,CA,1612034858.0,280.0,1612007038.0,1612041658.0,10000.0,20.21
barrow,71.2906,-156.7887,-9.4,77.0,90.0,10.36,US,1612035071.0,350.0,1612039695.0,1612053160.0,9656.0,-9.4
dondo,-19.6094,34.7431,82.4,83.0,20.0,8.05,MZ,1612035071.0,90.0,1611977071.0,1612023838.0,10000.0,82.2
wad rawah,15.1603,33.1397,71.2,21.0,0.0,15.01,SD,1612035072.0,357.0,1611980207.0,1612021471.0,10000.0,71.2
gwadar,25.1216,62.3254,68.14,64.0,0.0,7.61,PK,1612035072.0,257.0,1612060435.0,1612100052.0,10000.0,68.14
cidreira,-30.1811,-50.2056,80.02,84.0,100.0,8.59,BR,1612035073.0,63.0,1611996453.0,1612045236.0,10000.0,80.02
porto novo,6.4965,2.6036,84.2,84.0,20.0,11.5,BJ,1612035074.0,200.0,1611986855.0,1612029482.0,8000.0,84.2
mizdah,31.4451,12.9801,59.97,33.0,0.0,8.48,LY,1612035075.0,245.0,1611986515.0,1612024842.0,10000.0,59.97
te anau,-45.4167,167.7167,49.42,82.0,90.0,1.9,NZ,1612035075.0,349.0,1612028567.0,1612081327.0,10000.0,49.42
lompoc,34.6391,-120.4579,54.0,76.0,1.0,4.68,US,1612034848.0,170.0,1612018868.0,1612056546.0,10000.0,52.95
geraldton,-28.7667,114.6,84.2,24.0,0.0,19.57,AU,1612035077.0,80.0,1612043475.0,1612091918.0,10000.0,84.2
airai,-8.9266,125.4092,62.06,100.0,100.0,5.5,TL,1612035077.0,312.0,1612042612.0,1612087592.0,1670.0,62.06
broome,42.2506,-75.833,21.99,67.0,90.0,11.5,US,1612035078.0,300.0,1612009107.0,1612044885.0,10000.0,19.99
anuchino,43.9622,133.0544,-16.29,86.0,94.0,2.08,RU,1612035078.0,185.0,1612045593.0,1612080942.0,6273.0,-16.29
ippy,6.2679,21.2247,78.69,22.0,2.0,4.34,CF,1612035079.0,21.0,1611982369.0,1612025030.0,10000.0,78.69
kununurra,-15.7667,128.7333,78.8,100.0,40.0,1.14,AU,1612035080.0,50.0,1612041266.0,1612087342.0,4700.0,78.8
nenjiang,49.1833,125.2167,-22.16,86.0,100.0,4.32,CN,1612035080.0,159.0,1612048319.0,1612081977.0,10000.0,-22.16
kangaatsiaq,68.3065,-53.4641,8.15,94.0,92.0,6.67,GL,1612035081.0,141.0,1612011779.0,1612031475.0,1342.0,8.15
dapaong,10.8639,0.205,81.7,15.0,0.0,6.67,TG,1612035082.0,8.0,1611987769.0,1612029720.0,10000.0,81.7
salinopolis,-0.6136,-47.3561,80.1,86.0,100.0,12.41,BR,1612034895.0,76.0,1611998305.0,1612042016.0,10000.0,80.1
atar,20.5169,-13.0499,87.8,12.0,7.0,13.8,MR,1612035082.0,60.0,1611991737.0,1612032115.0,8000.0,87.8
tual,-5.6667,132.75,83.62,75.0,100.0,10.89,ID,1612035083.0,294.0,1612041102.0,1612085579.0,10000.0,83.62
kushiro,42.975,144.3747,19.06,92.0,0.0,10.78,JP,1612035084.0,299.0,1612042736.0,1612078364.0,10000.0,19.06
karratha,-20.7377,116.8463,87.44,52.0,91.0,12.57,AU,1612035067.0,198.0,1612043696.0,1612090619.0,10000.0,87.44
burns lake,54.2331,-125.7533,12.2,79.0,100.0,3.44,CA,1612035084.0,320.0,1612023215.0,1612054742.0,6324.0,12.2
yenangyaung,20.4667,94.8833,62.91,53.0,100.0,0.98,MM,1612035085.0,284.0,1612052217.0,1612092642.0,10000.0,62.91
vondrozo,-22.8167,47.2833,69.62,100.0,69.0,3.27,MG,1612035085.0,51.0,1611973771.0,1612021118.0,10000.0,69.62
ossora,59.2353,163.0719,2.21,92.0,100.0,28.54,RU,1612035086.0,6.0,1612041635.0,1612070489.0,182.0,2.21
manta,-0.95,-80.7333,77.0,94.0,90.0,3.44,EC,1612035007.0,320.0,1612006291.0,1612050053.0,6000.0,77.0
kruisfontein,-34.0033,24.7314,68.0,76.0,1.0,1.63,ZA,1612035087.0,249.0,1611978030.0,1612027685.0,10000.0,68.0
port hardy,50.6996,-127.4199,42.8,87.0,40.0,11.5,CA,1612035095.0,110.0,1612022861.0,1612055895.0,10000.0,41.7
kindu,-2.95,25.95,71.78,94.0,100.0,1.14,CD,1612035095.0,49.0,1611980531.0,1612024600.0,10000.0,71.78
kyshtovka,56.555,76.6271,-8.28,88.0,100.0,9.98,RU,1612035095.0,123.0,1612061574.0,1612092048.0,10000.0,-8.28
vila velha,-20.3297,-40.2925,86.0,62.0,0.0,19.57,BR,1612035076.0,50.0,1611995024.0,1612041907.0,10000.0,84.42
arraial do cabo,-22.9661,-42.0278,86.0,54.0,0.0,19.57,BR,1612035096.0,60.0,1611995202.0,1612042562.0,10000.0,84.97
acarau,-2.8856,-40.12,83.8,67.0,88.0,17.6,BR,1612035097.0,88.0,1611996395.0,1612040453.0,10000.0,83.8
inhambane,-23.865,35.3833,82.4,78.0,20.0,2.3,MZ,1612035097.0,150.0,1611976530.0,1612024071.0,10000.0,82.18
saint-georges,12.0564,-61.7485,86.0,58.0,20.0,20.71,GD,1612035098.0,90.0,1612002731.0,1612044500.0,10000.0,86.0
gotsu,35.0,132.2167,45.43,58.0,0.0,14.83,JP,1612035098.0,300.0,1612044654.0,1612082282.0,10000.0,45.43
hasaki,35.7333,140.8333,26.6,74.0,20.0,1.14,JP,1612035098.0,0.0,1612042670.0,1612080130.0,10000.0,25.93
nemuro,43.3236,145.575,21.22,92.0,100.0,16.82,JP,1612035099.0,288.0,1612042497.0,1612078026.0,10000.0,21.22
san patricio,28.017,-97.5169,86.0,51.0,40.0,20.71,US,1612035100.0,190.0,1612012682.0,1612051719.0,10000.0,78.4
puerto suarez,-18.95,-57.8,91.4,58.0,40.0,9.22,BO,1612035100.0,360.0,1611999348.0,1612045987.0,10000.0,91.4
fortuna,40.5982,-124.1573,55.0,71.0,90.0,24.16,US,1612035101.0,150.0,1612020474.0,1612056716.0,10000.0,52.72
port hedland,-20.3167,118.5667,84.2,74.0,75.0,10.36,AU,1612035101.0,250.0,1612043320.0,1612090169.0,10000.0,84.2
gamba,-2.65,10.0,78.64,87.0,100.0,3.36,GA,1612035102.0,194.0,1611984382.0,1612028405.0,6967.0,78.64
pundaguitan,6.3711,126.1689,80.06,76.0,100.0,19.48,PH,1612035102.0,20.0,1612043591.0,1612086248.0,10000.0,80.06
anda,46.4,125.3167,-16.51,86.0,8.0,7.43,CN,1612035103.0,162.0,1612047822.0,1612082427.0,10000.0,-16.51
isangel,-19.55,169.2667,75.2,88.0,40.0,14.16,VU,1612035103.0,131.0,1612031213.0,1612077937.0,10000.0,75.2
sao filipe,14.8961,-24.4956,75.85,56.0,100.0,8.43,CV,1612035103.0,83.0,1611994017.0,1612035330.0,10000.0,75.85
san policarpo,12.1791,125.5072,78.33,80.0,100.0,19.22,PH,1612035104.0,51.0,1612044197.0,1612085961.0,10000.0,78.33
alice springs,-23.7,133.8833,84.2,30.0,52.0,11.5,AU,1612035105.0,90.0,1612039337.0,1612086799.0,10000.0,82.98
pevek,69.7008,170.3133,-33.75,84.0,4.0,1.41,RU,1612035106.0,152.0,1612045620.0,1612063028.0,10000.0,-33.75
sakata,38.9167,139.855,32.58,89.0,100.0,21.88,JP,1612035106.0,302.0,1612043282.0,1612079987.0,5896.0,32.58
miastko,54.0028,16.9826,23.0,86.0,47.0,6.78,PL,1612035106.0,271.0,1611988944.0,1612020491.0,10000.0,23.0
kirkwall,58.9848,-2.9587,35.6,80.0,20.0,5.75,GB,1612035009.0,320.0,1611995073.0,1612023935.0,10000.0,35.6
campoverde,-8.4753,-74.8058,82.4,78.0,75.0,8.05,PE,1612035107.0,170.0,1612004290.0,1612049209.0,10000.0,82.4
kokstad,-30.5472,29.4241,61.03,90.0,2.0,2.08,ZA,1612035108.0,75.0,1611977290.0,1612026172.0,10000.0,61.03
saskylakh,71.9167,114.0833,-36.35,80.0,100.0,9.62,RU,1612035108.0,328.0,1612061991.0,1612073651.0,5807.0,-36.35
beira,-19.8436,34.8389,82.4,83.0,20.0,8.05,MZ,1612035109.0,90.0,1611977027.0,1612023836.0,10000.0,82.2
roseto degli abruzzi,42.6664,14.0227,64.4,25.0,90.0,10.36,IT,1612035109.0,230.0,1611987614.0,1612023241.0,10000.0,55.06
nome,64.5011,-165.4064,-13.0,77.0,1.0,4.61,US,1612035110.0,80.0,1612036175.0,1612060817.0,10000.0,-18.35
yumen,40.2833,97.2,22.71,75.0,0.0,25.57,CN,1612035110.0,270.0,1612053686.0,1612090060.0,10000.0,22.71
mayo,38.8876,-76.5119,37.99,38.0,1.0,6.91,US,1612035111.0,310.0,1612008827.0,1612045491.0,10000.0,36.52
northam,51.0333,-4.2167,41.0,91.0,64.0,18.01,GB,1612035112.0,84.0,1611993387.0,1612026224.0,10000.0,39.31
wiarton,44.7407,-81.1332,24.8,68.0,20.0,4.61,CA,1612035113.0,50.0,1612010740.0,1612045796.0,10000.0,24.8
rorvik,64.8621,11.2373,29.46,95.0,49.0,10.85,NO,1612035114.0,163.0,1611994057.0,1612018136.0,10000.0,29.46
butaritari,3.0707,172.7902,81.07,77.0,100.0,16.4,KI,1612035114.0,82.0,1612032152.0,1612075307.0,10000.0,81.07
honningsvag,70.9821,25.9704,28.06,97.0,100.0,23.09,NO,1612035115.0,80.0,1611995605.0,1612009515.0,646.0,28.06
jutai,-5.1833,-68.9,92.1,49.0,65.0,2.77,BR,1612035115.0,17.0,1612003127.0,1612047536.0,10000.0,92.1
jiaocheng,24.6774,116.1389,48.33,66.0,0.0,1.28,CN,1612035116.0,78.0,1612047484.0,1612087171.0,10000.0,48.33
bereda,43.2686,-7.5406,48.0,96.0,100.0,8.01,ES,1612035124.0,227.0,1611992872.0,1612028335.0,10000.0,46.65
kapuskasing,49.4169,-82.4331,1.4,66.0,91.0,0.96,CA,1612035125.0,72.0,1612011832.0,1612045328.0,10000.0,1.4
port macquarie,-31.4333,152.9167,70.0,99.0,50.0,8.66,AU,1612035125.0,7.0,1612033993.0,1612083006.0,10000.0,68.45
svetlogorsk,52.6333,29.7333,24.4,98.0,100.0,2.24,BY,1612035126.0,10.0,1611985580.0,1612017734.0,194.0,24.4
carballo,43.213,-8.691,53.01,78.0,100.0,17.0,ES,1612035127.0,272.0,1611993140.0,1612028620.0,10000.0,50.13
urengoy,65.9667,78.3667,-27.27,82.0,100.0,11.01,RU,1612035127.0,144.0,1612064793.0,1612087994.0,10000.0,-27.27
quatre cocos,-20.2078,57.7625,79.0,89.0,20.0,5.75,MU,1612035127.0,90.0,1611971491.0,1612018367.0,10000.0,78.91
beringovskiy,63.05,179.3167,-0.15,94.0,100.0,12.57,RU,1612035128.0,17.0,1612039159.0,1612065167.0,103.0,-0.15
surt,31.2089,16.5887,66.88,44.0,0.0,8.9,LY,1612035129.0,172.0,1611985625.0,1612023999.0,10000.0,66.88
norman wells,65.282,-126.8329,-27.4,75.0,40.0,2.95,CA,1612035129.0,292.0,1612027344.0,1612051130.0,10000.0,-27.4
cayenne,4.9333,-52.3333,80.6,94.0,75.0,12.66,GF,1612035005.0,50.0,1611999921.0,1612042789.0,10000.0,80.6
bandar,2.05,99.75,70.74,92.0,88.0,2.08,ID,1612035130.0,225.0,1612049606.0,1612092916.0,10000.0,70.74
margate,51.3813,1.3862,39.99,83.0,100.0,7.0,GB,1612035130.0,336.0,1611992114.0,1612024808.0,10000.0,38.84
narrabri,-30.3167,149.7833,71.6,60.0,19.0,6.91,AU,1612035131.0,110.0,1612034865.0,1612083638.0,10000.0,71.6
martapura,-3.4167,114.85,73.78,94.0,100.0,0.47,ID,1612035131.0,323.0,1612045570.0,1612089703.0,10000.0,73.78
gafanha da encarnacao,40.6181,-8.733,55.99,94.0,75.0,9.22,PT,1612035132.0,290.0,1611992792.0,1612028988.0,7000.0,54.95
lata,40.1629,-8.3327,55.99,85.0,58.0,3.0,PT,1612035132.0,246.0,1611992636.0,1612028952.0,10000.0,54.75
jiayuguan,39.8167,98.3,19.42,71.0,0.0,4.12,CN,1612035132.0,266.0,1612053363.0,1612089856.0,10000.0,19.42
kanye,-24.9667,25.3327,70.02,75.0,69.0,4.92,BW,1612035133.0,49.0,1611978839.0,1612026588.0,10000.0,70.02
hofn,64.2539,-15.2082,21.24,88.0,98.0,22.57,IS,1612035133.0,4.0,1612000081.0,1612024807.0,10000.0,21.24
gurupi,-11.7292,-49.0686,83.17,69.0,97.0,6.22,BR,1612035134.0,45.0,1611997853.0,1612043290.0,10000.0,83.17
arlit,18.7369,7.3853,68.43,19.0,98.0,6.22,NE,1612035134.0,349.0,1611986682.0,1612027360.0,10000.0,68.43
thompson,55.7435,-97.8558,14.0,85.0,90.0,2.3,CA,1612035134.0,330.0,1612016896.0,1612047668.0,10000.0,14.0
pa daet,19.5049,99.9924,66.2,100.0,20.0,1.14,TH,1612035135.0,0.0,1612050910.0,1612091496.0,10000.0,66.2
marsabit,2.3284,37.9899,69.93,42.0,46.0,9.8,KE,1612035135.0,165.0,1611978044.0,1612021307.0,10000.0,69.93
jumla,29.2747,82.1838,30.78,62.0,0.0,3.53,NP,1612035136.0,99.0,1612056061.0,1612094894.0,10000.0,30.78
ucluelet,48.9329,-125.5528,45.0,87.0,90.0,17.27,CA,1612035005.0,110.0,1612022083.0,1612055777.0,10000.0,44.19
codrington,-38.2667,141.9667,58.35,72.0,94.0,5.66,AU,1612035137.0,146.0,1612035811.0,1612086445.0,10000.0,58.35
nalus,6.0122,124.5853,76.03,72.0,94.0,4.99,PH,1612035137.0,15.0,1612043944.0,1612086655.0,10000.0,76.03
katsuura,35.1333,140.3,39.2,56.0,20.0,6.91,JP,1612035138.0,10.0,1612042730.0,1612080326.0,10000.0,39.09
semporna,4.4818,118.6112,75.2,100.0,20.0,8.72,MY,1612035139.0,29.0,1612045262.0,1612088205.0,10000.0,75.2
bay roberts,47.5999,-53.2648,30.99,83.0,100.0,1.99,CA,1612035139.0,272.0,1612004516.0,1612038642.0,10000.0,29.23
sindou,10.6667,-5.1667,80.22,15.0,0.0,4.81,BF,1612035140.0,22.0,1611989043.0,1612031025.0,10000.0,80.22
mar del plata,-38.0023,-57.5575,62.6,59.0,90.0,18.41,AR,1612035000.0,180.0,1611997300.0,1612047919.0,10000.0,62.19
conde,-7.2597,-34.9075,84.2,70.0,40.0,14.97,BR,1612035141.0,100.0,1611994807.0,1612039538.0,10000.0,84.2
paita,-5.0892,-81.1144,89.6,48.0,20.0,17.27,PE,1612035141.0,200.0,1612006067.0,1612050461.0,10000.0,89.6
chokurdakh,70.6333,147.9167,-28.95,86.0,36.0,7.52,RU,1612035141.0,41.0,1612052013.0,1612067387.0,8252.0,-28.95
dunedin,-45.8742,170.5036,55.99,72.0,61.0,21.0,NZ,1612035114.0,13.0,1612027820.0,1612080736.0,10000.0,55.99
san cristobal,7.7669,-72.225,86.0,54.0,40.0,11.5,VE,1612035142.0,360.0,1612004912.0,1612047348.0,10000.0,86.0
burnie,-41.0667,145.9167,53.01,75.0,88.0,14.0,AU,1612035143.0,174.0,1612034479.0,1612085880.0,10000.0,53.01
leningradskiy,69.3833,178.4167,-27.92,83.0,0.0,2.1,RU,1612035143.0,174.0,1612043370.0,1612061388.0,10000.0,-27.92
kharitonovo,61.4009,47.4978,25.61,97.0,100.0,7.67,RU,1612035144.0,144.0,1611983824.0,1612010962.0,293.0,25.61
sao jose da coroa grande,-8.8978,-35.1478,80.8,73.0,73.0,9.35,BR,1612035144.0,98.0,1611994736.0,1612039724.0,10000.0,80.8
ninh binh,20.2539,105.975,63.45,85.0,95.0,1.36,VN,1612035145.0,1.0,1612049537.0,1612089997.0,10000.0,63.45
adrar,20.5022,-10.0711,71.74,20.0,17.0,8.86,MR,1612035145.0,55.0,1611991021.0,1612031401.0,10000.0,71.74
luena,-11.7833,19.9167,63.63,95.0,100.0,4.21,AO,1612035002.0,309.0,1611981288.0,1612026739.0,5533.0,63.63
cabo san lucas,22.8909,-109.9124,78.01,60.0,1.0,8.05,MX,1612035153.0,160.0,1612015185.0,1612055167.0,10000.0,76.6
puerto carreno,6.189,-67.4859,94.8,35.0,22.0,10.47,CO,1612035154.0,14.0,1612003654.0,1612046331.0,10000.0,94.8
mahebourg,-20.4081,57.7,78.8,89.0,20.0,5.75,MU,1612034953.0,90.0,1611971488.0,1612018400.0,10000.0,78.8
naze,28.3667,129.4833,51.66,68.0,7.0,8.61,JP,1612035154.0,34.0,1612044625.0,1612083623.0,10000.0,51.66
grindavik,63.8424,-22.4338,24.8,74.0,75.0,16.11,IS,1612035155.0,30.0,1612001613.0,1612026744.0,10000.0,24.8
ixtapa,20.7,-105.2,78.8,57.0,1.0,9.22,MX,1612035156.0,210.0,1612013864.0,1612054225.0,10000.0,78.8
kidal,18.4411,1.4078,69.57,20.0,0.0,8.93,ML,1612035156.0,88.0,1611988092.0,1612028820.0,10000.0,69.57
elat,29.5581,34.9482,57.2,54.0,0.0,3.22,IL,1612035061.0,181.0,1611981053.0,1612019758.0,10000.0,57.2
baykit,61.67,96.37,-34.62,76.0,52.0,1.81,RU,1612035158.0,323.0,1612058467.0,1612085678.0,10000.0,-34.62
kayasula,44.325,45.0,34.84,92.0,0.0,9.46,RU,1612035158.0,99.0,1611980427.0,1612015558.0,10000.0,34.84
grand-santi,4.25,-54.3833,80.13,92.0,100.0,3.31,GF,1612035159.0,47.0,1612000361.0,1612043334.0,4435.0,80.13
coahuayana,18.7333,-103.6833,86.0,42.0,40.0,7.38,MX,1612035160.0,212.0,1612013334.0,1612054027.0,9656.0,86.0
felanitx,39.4696,3.1483,60.8,59.0,20.0,9.22,ES,1612035160.0,250.0,1611989793.0,1612026283.0,10000.0,57.16
matagami,49.7502,-77.6328,-2.2,84.0,90.0,10.36,CA,1612035160.0,310.0,1612010743.0,1612044113.0,10000.0,-2.2
caravelas,-17.7125,-39.2481,81.12,68.0,0.0,8.7,BR,1612035161.0,78.0,1611995001.0,1612041428.0,10000.0,81.12
piste,20.7,-88.5833,82.63,45.0,75.0,6.22,MX,1612035161.0,121.0,1612009877.0,1612050236.0,10000.0,82.63
pasighat,28.0667,95.3333,54.84,63.0,0.0,3.76,IN,1612035162.0,317.0,1612052790.0,1612091853.0,10000.0,54.84
barhi,23.9,80.8,47.8,47.0,0.0,2.62,IN,1612035162.0,124.0,1612055893.0,1612095726.0,10000.0,47.8
antofagasta,-23.65,-70.4,75.0,64.0,20.0,16.11,CL,1612035162.0,200.0,1612001951.0,1612049433.0,10000.0,73.65
strenci,57.6257,25.6854,25.0,95.0,100.0,1.99,LV,1612035163.0,248.0,1611987797.0,1612017460.0,1137.0,25.0
hami,42.8,93.45,21.22,83.0,0.0,1.36,CN,1612035164.0,108.0,1612054924.0,1612090622.0,10000.0,21.22
taoudenni,22.6783,-3.9836,74.64,19.0,0.0,9.82,ML,1612035164.0,32.0,1611989749.0,1612029750.0,10000.0,74.64
mbanza-ngungu,-5.25,14.8667,65.64,97.0,26.0,1.9,CD,1612035165.0,167.0,1611983014.0,1612027437.0,10000.0,65.64
daugai,54.3667,24.3333,26.01,86.0,40.0,8.05,LT,1612035165.0,270.0,1611987267.0,1612018639.0,10000.0,25.29
lino lakes,45.1602,-93.0888,33.01,74.0,100.0,1.01,US,1612035165.0,90.0,1612013671.0,1612048604.0,612.0,31.89
daru,-9.0763,143.2092,76.51,93.0,100.0,11.79,PG,1612035166.0,293.0,1612038328.0,1612083332.0,10000.0,76.51
tres arroyos,-38.3739,-60.2798,67.05,39.0,100.0,16.26,AR,1612035166.0,124.0,1611997905.0,1612048620.0,10000.0,67.05
vostok,46.4856,135.8833,-22.67,87.0,92.0,4.5,RU,1612035167.0,207.0,1612045302.0,1612079874.0,9417.0,-22.67
winslow,35.0242,-110.6974,42.8,49.0,1.0,4.61,US,1612035167.0,360.0,1612016570.0,1612054159.0,10000.0,42.8
boromo,11.75,-2.9333,82.72,14.0,0.0,6.96,BF,1612035168.0,19.0,1611988592.0,1612030404.0,10000.0,82.72
hun,29.1268,15.9477,61.59,30.0,0.0,3.06,LY,1612035168.0,242.0,1611985568.0,1612024363.0,10000.0,61.59
atasu,48.6814,71.6433,22.57,89.0,100.0,10.33,KZ,1612035168.0,100.0,1612061076.0,1612094939.0,10000.0,22.57
blackfoot,43.1905,-112.345,37.0,62.0,36.0,1.01,US,1612035169.0,251.0,1612017996.0,1612053523.0,10000.0,35.51
xining,36.6167,101.7667,13.62,76.0,0.0,3.09,CN,1612035169.0,332.0,1612052142.0,1612089412.0,10000.0,13.62
comodoro rivadavia,-45.8667,-67.5,66.2,42.0,20.0,10.36,AR,1612035170.0,120.0,1611998511.0,1612051480.0,10000.0,66.2
kedrovyy,56.1667,91.8167,-32.8,75.0,0.0,1.95,RU,1612035170.0,163.0,1612057832.0,1612088499.0,10000.0,-32.8
bairiki,1.3292,172.9752,78.8,83.0,40.0,9.22,KI,1612035171.0,60.0,1612031976.0,1612075394.0,10000.0,78.8
half moon bay,37.4636,-122.4286,57.99,58.0,75.0,6.91,US,1612035125.0,170.0,1612019667.0,1612056694.0,10000.0,54.55
calvia,39.5657,2.5062,60.8,59.0,20.0,9.22,ES,1612035171.0,250.0,1611989959.0,1612026425.0,10000.0,58.73
takoradi,4.8845,-1.7554,80.51,81.0,59.0,9.53,GH,1612035172.0,220.0,1611987778.0,1612030652.0,10000.0,80.51
seoul,37.5683,126.9778,23.0,93.0,99.0,2.3,KR,1612035173.0,300.0,1612046207.0,1612083244.0,3000.0,21.2
turayf,31.6725,38.6637,44.6,87.0,20.0,6.91,SA,1612035173.0,270.0,1611980377.0,1612018650.0,10000.0,44.6
umm lajj,25.0213,37.2685,66.7,55.0,0.0,14.74,SA,1612035174.0,359.0,1611980062.0,1612019634.0,10000.0,66.7
ponta pora,-22.5361,-55.7256,82.4,69.0,20.0,9.22,BR,1612035175.0,320.0,1611998530.0,1612045809.0,10000.0,82.4
bonavista,48.6499,-53.1147,30.0,93.0,100.0,4.61,CA,1612035182.0,320.0,1612004663.0,1612038423.0,5565.0,28.02
puerto colombia,10.9878,-74.9547,86.0,58.0,0.0,19.57,CO,1612035182.0,20.0,1612005816.0,1612047754.0,10000.0,86.0
constitucion,-35.3333,-72.4167,66.43,80.0,72.0,5.93,CL,1612035183.0,269.0,1612001204.0,1612051148.0,8789.0,66.43
turan,16.0678,108.2208,69.8,94.0,40.0,7.63,VN,1612035122.0,89.0,1612048653.0,1612089803.0,4500.0,69.8
parana,-31.732,-60.5238,75.99,79.0,100.0,11.01,AR,1612035184.0,167.0,1611998763.0,1612047880.0,10000.0,75.0
hit,33.6416,42.8251,52.86,46.0,4.0,8.08,IQ,1612035185.0,133.0,1611979589.0,1612017440.0,10000.0,52.86
padang,-0.9492,100.3543,76.75,77.0,100.0,4.94,ID,1612035108.0,85.0,1612049236.0,1612092996.0,10000.0,76.75
kulhudhuffushi,6.6221,73.07,81.73,68.0,0.0,7.49,MV,1612035186.0,47.0,1612056354.0,1612098975.0,10000.0,81.73
komsomolskiy,40.4272,71.7189,37.4,41.0,100.0,6.91,UZ,1612035186.0,330.0,1612059817.0,1612096162.0,10000.0,37.4
tromso,69.6496,18.957,19.99,79.0,0.0,3.44,NO,1612035186.0,60.0,1611995681.0,1612012807.0,10000.0,18.03
buraydah,26.326,43.975,55.4,62.0,0.0,6.91,SA,1612035187.0,70.0,1611978574.0,1612017903.0,10000.0,55.4
huarmey,-10.0681,-78.1522,77.23,59.0,99.0,13.0,PE,1612035187.0,192.0,1612004968.0,1612050137.0,10000.0,77.23
necochea,-38.5473,-58.7368,66.0,50.0,100.0,8.99,AR,1612035188.0,152.0,1611997511.0,1612048273.0,10000.0,66.0
kinango,-4.1372,39.3153,80.6,78.0,20.0,6.91,KE,1612035188.0,60.0,1611977231.0,1612021483.0,10000.0,80.6
armidale,-30.5167,151.65,60.01,94.0,0.0,1.48,AU,1612035189.0,351.0,1612034395.0,1612083212.0,10000.0,60.01
waipawa,-41.4122,175.5153,57.99,82.0,39.0,5.75,NZ,1612035189.0,40.0,1612027319.0,1612078831.0,10000.0,55.94
verkhnevilyuysk,63.4453,120.3167,-44.07,79.0,100.0,2.1,RU,1612035189.0,47.0,1612053465.0,1612079184.0,5646.0,-44.07
suwalki,54.1118,22.9309,21.34,97.0,98.0,7.18,PL,1612035190.0,293.0,1611987543.0,1612019036.0,10000.0,21.34
badnawar,23.0167,75.2167,55.4,35.0,0.0,4.61,IN,1612035190.0,90.0,1612057155.0,1612097144.0,5000.0,55.4
pavlohrad,48.5167,35.8667,41.0,87.0,75.0,17.9,UA,1612035191.0,170.0,1611983303.0,1612017067.0,10000.0,41.0
harper,4.375,-7.7169,78.57,85.0,46.0,6.62,LR,1612035191.0,243.0,1611989170.0,1612032122.0,10000.0,78.57
pahrump,36.2083,-115.9839,51.01,62.0,11.0,3.0,US,1612035191.0,68.0,1612017973.0,1612055293.0,10000.0,49.01
calama,-22.4667,-68.9333,75.2,10.0,0.0,20.71,CL,1612035192.0,280.0,1612001708.0,1612048971.0,10000.0,75.2
emerald,-23.5333,148.1667,73.4,83.0,40.0,5.75,AU,1612035193.0,120.0,1612035923.0,1612083357.0,10000.0,72.36
campobello di mazara,37.6358,12.7443,57.2,94.0,40.0,8.05,IT,1612035194.0,150.0,1611987263.0,1612024206.0,10000.0,53.89
harnosand,62.6323,17.9379,12.0,79.0,100.0,8.05,SE,1612035194.0,320.0,1611991401.0,1612017575.0,10000.0,10.11
zhangzhou,24.5133,117.6556,53.6,87.0,0.0,4.47,CN,1612035195.0,270.0,1612047105.0,1612086821.0,10000.0,53.6
nyurba,63.2842,118.3319,-37.98,81.0,100.0,2.01,RU,1612035195.0,33.0,1612053869.0,1612079733.0,4448.0,-37.98
peabiru,-23.9128,-52.3431,69.8,100.0,75.0,11.5,BR,1612035196.0,110.0,1611997591.0,1612045125.0,10000.0,69.8
deputatskiy,69.3,139.9,-32.04,86.0,90.0,1.5,RU,1612035197.0,81.0,1612052503.0,1612070745.0,6829.0,-32.04
grafton,42.207,-71.6856,21.99,41.0,1.0,16.11,US,1612035197.0,300.0,1612008106.0,1612043895.0,10000.0,19.26
tautira,-17.7333,-149.15,86.0,62.0,75.0,6.91,PF,1612035198.0,10.0,1612021386.0,1612067802.0,10000.0,85.01
cap malheureux,-19.9842,57.6142,79.0,85.0,0.0,5.01,MU,1612035198.0,117.0,1611971546.0,1612018383.0,10000.0,79.0
luanda,-8.8368,13.2343,80.6,74.0,40.0,8.05,AO,1612035199.0,230.0,1611983126.0,1612028108.0,10000.0,80.6
melchor de mencos,17.0686,-89.1522,80.6,65.0,75.0,4.61,GT,1612035200.0,60.0,1612009709.0,1612050676.0,10000.0,80.6
kaitangata,-46.2817,169.8464,53.01,88.0,81.0,3.0,NZ,1612035201.0,293.0,1612027907.0,1612080965.0,10000.0,53.01
shahr-e babak,30.1165,55.1186,45.68,60.0,0.0,13.04,IR,1612035201.0,226.0,1611976270.0,1612014858.0,10000.0,45.68
sinnamary,5.3833,-52.95,79.52,85.0,100.0,14.45,GF,1612035203.0,69.0,1612000103.0,1612042903.0,10000.0,79.52
poum,-20.2333,164.0167,78.03,74.0,25.0,15.41,NC,1612035203.0,96.0,1612032414.0,1612079256.0,10000.0,78.03
biak,-0.9131,122.8766,76.46,72.0,100.0,4.7,ID,1612035203.0,321.0,1612043832.0,1612087588.0,10000.0,76.46
haines junction,60.7522,-137.5108,-5.8,77.0,100.0,0.83,CA,1612035211.0,83.0,1612027911.0,1612055690.0,5856.0,-5.8
george,-33.963,22.4617,66.2,82.0,75.0,4.32,ZA,1612035212.0,250.0,1611978580.0,1612028225.0,10000.0,66.2
luganville,-15.5333,167.1667,79.23,78.0,100.0,5.91,VU,1612035212.0,159.0,1612032058.0,1612078100.0,10000.0,79.23
dudinka,69.4058,86.1778,-35.75,77.0,0.0,6.62,RU,1612035213.0,161.0,1612065450.0,1612083588.0,10000.0,-35.75
lasa,46.6166,10.7002,39.0,93.0,90.0,3.44,IT,1612035214.0,20.0,1611989013.0,1612023438.0,10000.0,36.01
senno,59.5336,33.9167,25.0,91.0,98.0,1.99,RU,1612035214.0,90.0,1611986414.0,1612014891.0,415.0,25.0
maceio,-9.6658,-35.7353,82.4,78.0,75.0,8.05,BR,1612035046.0,70.0,1611994817.0,1612039926.0,10000.0,82.4
patancheru,17.5314,78.265,73.0,94.0,20.0,5.75,IN,1612035215.0,100.0,1612055960.0,1612096876.0,6000.0,71.55
severo-kurilsk,50.6789,156.125,23.68,95.0,100.0,29.68,RU,1612035216.0,326.0,1612041188.0,1612074271.0,1162.0,23.68
newport,51.5877,-2.9984,39.99,96.0,100.0,4.0,GB,1612035216.0,47.0,1611993207.0,1612025820.0,10000.0,37.49
jacareacanga,-6.2222,-57.7528,82.87,69.0,100.0,3.49,BR,1612035217.0,104.0,1612000371.0,1612044941.0,10000.0,82.87
muros,42.7762,-9.0603,55.0,82.0,99.0,8.99,ES,1612035218.0,290.0,1611993166.0,1612028771.0,10000.0,53.8
sembakung,3.8167,117.25,71.91,98.0,100.0,1.9,ID,1612035218.0,250.0,1612045539.0,1612088582.0,10000.0,71.91
nanning,22.8167,108.3167,64.4,77.0,69.0,4.47,CN,1612035219.0,160.0,1612049195.0,1612089214.0,8000.0,64.4
bardiyah,31.7561,25.0865,63.73,53.0,0.0,17.83,LY,1612035219.0,260.0,1611983643.0,1612021902.0,10000.0,63.73
spearfish,44.4908,-103.8594,34.0,69.0,90.0,17.27,US,1612035220.0,310.0,1612016152.0,1612051294.0,10000.0,32.58
ayaviri,-14.8864,-70.5889,60.46,42.0,67.0,1.74,PE,1612035220.0,307.0,1612002763.0,1612048711.0,10000.0,60.46
izhma,65.0083,53.9113,0.37,92.0,100.0,10.13,RU,1612035221.0,150.0,1611983916.0,1612007791.0,809.0,0.37
klaksvik,62.2266,-6.589,33.8,93.0,75.0,10.36,FO,1612035221.0,340.0,1611997108.0,1612023643.0,9000.0,33.8
pangoa,-12.1167,-73.0,79.12,81.0,29.0,2.98,PE,1612035222.0,42.0,1612003567.0,1612049064.0,6829.0,79.12
kavaratti,10.5669,72.642,80.94,69.0,44.0,6.8,IN,1612035222.0,315.0,1612056758.0,1612098777.0,10000.0,80.94
kang,-23.6752,22.7876,74.71,65.0,84.0,5.41,BW,1612035223.0,42.0,1611979572.0,1612027076.0,10000.0,74.71
carnarvon,-24.8667,113.6333,80.6,94.0,2.0,11.5,AU,1612035223.0,300.0,1612044090.0,1612091767.0,10000.0,80.6
kurilsk,45.2333,147.8833,20.16,95.0,100.0,18.45,RU,1612035224.0,314.0,1612042227.0,1612077189.0,775.0,20.16
yatou,37.15,122.3833,38.84,90.0,100.0,9.64,CN,1612035224.0,183.0,1612047259.0,1612084397.0,10000.0,38.84
chiknayakanhalli,13.4172,76.6228,67.77,63.0,24.0,10.18,IN,1612035225.0,136.0,1612056025.0,1612097600.0,10000.0,67.77
walvis bay,-22.9575,14.5053,66.99,77.0,0.0,5.75,NA,1612035225.0,330.0,1611981628.0,1612028996.0,10000.0,66.56
willowmore,-33.2926,23.4895,67.75,64.0,0.0,7.29,ZA,1612035225.0,114.0,1611978410.0,1612027901.0,10000.0,67.75
hokitika,-42.7167,170.9667,56.89,74.0,0.0,2.35,NZ,1612035226.0,65.0,1612028218.0,1612080116.0,10000.0,56.89
natal,-5.795,-35.2094,86.0,62.0,20.0,16.11,BR,1612035216.0,130.0,1611994993.0,1612039497.0,10000.0,86.0
tonantins,-2.8731,-67.8022,92.03,51.0,43.0,3.71,BR,1612035227.0,49.0,1612003041.0,1612047096.0,10000.0,92.03
minallo,16.9869,121.8539,63.77,92.0,100.0,3.13,PH,1612035227.0,347.0,1612045456.0,1612086455.0,10000.0,63.77
laela,-8.5667,32.05,61.97,92.0,100.0,3.38,TZ,1612035228.0,296.0,1611978631.0,1612023571.0,10000.0,61.97
petropavlovsk-kamchatskiy,53.0452,158.6483,24.8,63.0,40.0,13.42,RU,1612035228.0,300.0,1612041070.0,1612073178.0,10000.0,24.8
azpeitia,43.1825,-2.2669,54.0,83.0,100.0,11.45,ES,1612035229.0,263.0,1611991595.0,1612027081.0,10000.0,52.65
port augusta,-32.5,137.7667,64.4,77.0,99.0,14.97,AU,1612035229.0,170.0,1612037514.0,1612086758.0,10000.0,64.4
segezha,63.7415,34.3222,16.77,98.0,100.0,4.25,RU,1612035230.0,125.0,1611987972.0,1612013139.0,734.0,16.77
puerto el triunfo,13.2833,-88.55,96.8,32.0,20.0,2.3,SV,1612035231.0,50.0,1612009260.0,1612050837.0,10000.0,92.17
kahului,20.8947,-156.47,73.4,73.0,40.0,17.27,US,1612034946.0,50.0,1612026183.0,1612066519.0,10000.0,69.42
kasongo,-4.45,26.6667,71.06,94.0,93.0,3.33,CD,1612035232.0,136.0,1611980243.0,1612024543.0,10000.0,71.06
yucca valley,34.1142,-116.4322,48.99,55.0,0.0,4.0,US,1612035043.0,68.0,1612017845.0,1612055637.0,10000.0,47.77
grand gaube,-20.0064,57.6608,79.0,85.0,0.0,5.01,MU,1612035233.0,117.0,1611971533.0,1612018374.0,10000.0,79.0
osypenko,46.9136,36.8253,35.01,53.0,92.0,14.45,UA,1612035233.0,149.0,1611982797.0,1612017112.0,10000.0,35.01
khatanga,71.9667,102.5,-45.99,77.0,26.0,0.36,RU,1612035234.0,357.0,1612064845.0,1612076357.0,10000.0,-45.99
vestmanna,62.1564,-7.1664,33.8,93.0,75.0,10.36,FO,1612035234.0,340.0,1611997217.0,1612023810.0,9000.0,33.8
el alto,-4.2714,-81.2147,89.6,48.0,20.0,17.27,PE,1612035234.0,200.0,1612006153.0,1612050422.0,10000.0,89.6
shimoda,34.6667,138.95,35.01,79.0,0.0,3.0,JP,1612035184.0,193.0,1612043002.0,1612080702.0,10000.0,35.01
bone,51.9669,12.1396,30.99,88.0,100.0,3.78,DE,1612035242.0,62.0,1611989656.0,1612022104.0,10000.0,29.35
pingdingshan,33.7385,113.3012,42.73,53.0,0.0,5.1,CN,1612035243.0,297.0,1612049054.0,1612086963.0,10000.0,42.73
seydi,39.4816,62.9137,48.85,49.0,100.0,3.47,TM,1612035243.0,135.0,1612061808.0,1612098398.0,10000.0,48.85
beloha,-25.1667,45.05,78.87,69.0,32.0,3.65,MG,1612035243.0,296.0,1611974085.0,1612021876.0,10000.0,78.87
kamenka,51.3223,42.7678,34.0,96.0,100.0,12.37,RU,1612035244.0,181.0,1611982181.0,1612014876.0,301.0,34.0
rawlins,41.7911,-107.2387,32.0,59.0,40.0,20.71,US,1612035244.0,280.0,1612016576.0,1612052492.0,10000.0,32.0
santa cruz de tenerife,28.4682,-16.2546,64.0,100.0,20.0,13.8,ES,1612035245.0,260.0,1611993230.0,1612032161.0,10000.0,59.92
alice,27.7523,-98.0697,87.8,48.0,20.0,19.57,US,1612035221.0,210.0,1612012790.0,1612051877.0,10000.0,85.24
valky,49.8387,35.6207,35.6,100.0,90.0,11.18,UA,1612035246.0,150.0,1611983604.0,1612016884.0,3400.0,35.29
shache,38.4167,77.2406,21.61,86.0,0.0,1.61,CN,1612035247.0,177.0,1612058239.0,1612095088.0,10000.0,21.61
general roca,-39.0333,-67.5833,73.4,49.0,75.0,5.75,AR,1612035248.0,340.0,1611999571.0,1612050460.0,10000.0,73.4
nara,34.6851,135.8049,43.0,55.0,76.0,3.78,JP,1612035248.0,308.0,1612043759.0,1612081455.0,10000.0,38.77
phayao,19.25,100.25,67.41,79.0,98.0,1.86,TH,1612035249.0,134.0,1612050827.0,1612091455.0,10000.0,67.41
bayir,37.2687,28.2167,46.4,93.0,40.0,4.61,TR,1612035250.0,100.0,1611983508.0,1612020534.0,10000.0,46.4
kilakarai,9.2333,78.7833,77.49,81.0,0.0,12.19,IN,1612035250.0,40.0,1612055182.0,1612097405.0,10000.0,77.49
xinqing,48.2333,129.5,-25.11,84.0,0.0,2.62,CN,1612035251.0,227.0,1612047124.0,1612081116.0,10000.0,-25.11
wukari,7.85,9.7833,81.0,16.0,0.0,2.66,NG,1612035251.0,347.0,1611985236.0,1612027655.0,10000.0,81.0
hualmay,-11.0964,-77.6139,76.62,62.0,42.0,12.91,PE,1612035252.0,184.0,1612004757.0,1612050090.0,10000.0,76.62
aklavik,68.2191,-135.0107,-20.2,76.0,75.0,3.44,CA,1612035252.0,340.0,1612031220.0,1612051181.0,10000.0,-20.2
krasnotorka,48.682,37.5327,40.12,75.0,100.0,16.4,UA,1612035253.0,184.0,1611982933.0,1612016637.0,10000.0,40.12
clarence town,-32.5833,151.7833,69.01,100.0,90.0,5.75,AU,1612035254.0,270.0,1612034138.0,1612083405.0,500.0,67.06
manono,-7.3,27.4167,72.25,90.0,99.0,2.1,CD,1612035254.0,172.0,1611979842.0,1612024584.0,10000.0,72.25
tongliao,43.6125,122.2653,-1.3,93.0,96.0,6.93,CN,1612035255.0,131.0,1612048129.0,1612083584.0,10000.0,-1.3
bandarbeyla,9.4942,50.8122,74.08,74.0,1.0,14.81,SO,1612035255.0,40.0,1611975517.0,1612017678.0,10000.0,74.08
stepnogorsk,52.3544,71.8869,18.55,90.0,100.0,9.35,KZ,1612035009.0,142.0,1612061722.0,1612094176.0,10000.0,18.55
chapada dos guimaraes,-15.4606,-55.7497,91.4,52.0,40.0,6.91,BR,1612035256.0,320.0,1611999153.0,1612045198.0,10000.0,91.4
leh,34.1667,77.5833,1.98,58.0,0.0,1.05,IN,1612035257.0,59.0,1612057668.0,1612095495.0,10000.0,1.98
sterlibashevo,53.4376,55.2578,20.71,97.0,81.0,7.27,RU,1612035258.0,194.0,1612065942.0,1612097939.0,10000.0,20.71
port blair,11.6667,92.75,78.96,80.0,63.0,6.58,IN,1612035259.0,79.0,1612052018.0,1612093865.0,10000.0,78.96
los banos,14.1667,121.1833,73.4,68.0,20.0,3.44,PH,1612035259.0,90.0,1612045391.0,1612086842.0,10000.0,73.13
olonets,60.9847,32.9698,22.62,98.0,100.0,6.29,RU,1612035260.0,106.0,1611987148.0,1612014612.0,6500.0,22.62
arman,59.7,150.1667,-15.63,77.0,25.0,17.65,RU,1612035260.0,23.0,1612044878.0,1612073441.0,10000.0,-15.63
kamloops,50.6665,-120.3192,30.2,80.0,75.0,14.97,CA,1612035261.0,110.0,1612021152.0,1612054195.0,10000.0,29.52
yar-sale,66.8333,70.8333,-21.8,85.0,100.0,17.07,RU,1612035261.0,144.0,1612067125.0,1612089278.0,7637.0,-21.8
the valley,18.217,-63.0578,80.6,69.0,40.0,11.5,AI,1612035262.0,70.0,1612003542.0,1612044316.0,10000.0,79.59
aras,42.5617,-2.356,46.0,90.0,96.0,11.12,ES,1612035263.0,270.0,1611991528.0,1612027191.0,10000.0,45.0
russkaya polyana,49.417,31.9201,35.02,94.0,98.0,10.47,UA,1612035263.0,230.0,1611984413.0,1612017852.0,10000.0,35.02
shar,49.5886,81.0453,5.56,89.0,37.0,5.86,KZ,1612035264.0,130.0,1612058984.0,1612092517.0,10000.0,5.56
ust-ishim,57.6935,71.1665,7.39,95.0,100.0,10.87,RU,1612035264.0,134.0,1612063196.0,1612093048.0,6667.0,7.39
sibolga,1.7427,98.7792,75.94,82.0,100.0,3.13,ID,1612035265.0,55.0,1612049816.0,1612093172.0,10000.0,75.94
najran,17.4924,44.1277,69.8,24.0,0.0,4.61,SA,1612035265.0,40.0,1611977762.0,1612018642.0,10000.0,69.8
polyarnyy,69.1989,33.4478,15.8,86.0,40.0,4.47,RU,1612035266.0,60.0,1611991769.0,1612009761.0,5000.0,15.8
bathsheba,13.2167,-59.5167,84.2,58.0,20.0,17.27,BB,1612035267.0,100.0,1612002287.0,1612043872.0,10000.0,84.2
lyaskelya,61.7667,31.0167,20.95,98.0,100.0,5.3,RU,1612035267.0,79.0,1611987914.0,1612014784.0,4134.0,20.95
xichang,27.8964,102.2634,40.53,71.0,49.0,1.86,CN,1612035268.0,20.0,1612051111.0,1612090205.0,10000.0,40.53
ganzhou,28.8184,115.4327,46.56,68.0,58.0,0.89,CN,1612035268.0,317.0,1612048040.0,1612086954.0,10000.0,46.56
sur,22.5667,59.5289,66.97,56.0,0.0,10.16,OM,1612035276.0,190.0,1611974500.0,1612014510.0,10000.0,66.97
caconda,-13.7333,15.0667,62.37,90.0,92.0,4.36,AO,1612035277.0,233.0,1611982293.0,1612028061.0,10000.0,62.37
mayumba,-3.432,10.6554,78.82,86.0,100.0,3.51,GA,1612035277.0,174.0,1611984165.0,1612028307.0,10000.0,78.82
guangyuan,32.442,105.823,37.0,52.0,97.0,5.01,CN,1612035278.0,0.0,1612050710.0,1612088897.0,10000.0,33.75
marzuq,14.4,46.4667,61.5,58.0,0.0,2.35,YE,1612035278.0,194.0,1611976948.0,1612018333.0,10000.0,61.5
asmara,15.3333,38.9333,51.6,100.0,82.0,6.22,ER,1612035279.0,67.0,1611978831.0,1612020066.0,10000.0,51.6
san rafael,-34.6177,-68.3301,71.46,46.0,60.0,4.68,AR,1612034980.0,124.0,1612000308.0,1612050082.0,10000.0,71.46
digby,44.6169,-65.7655,21.99,73.0,40.0,4.61,CA,1612035004.0,330.0,1612007035.0,1612042123.0,10000.0,20.53
timberlake,37.3207,-79.2575,42.01,38.0,1.0,5.75,US,1612035189.0,0.0,1612009294.0,1612046342.0,10000.0,39.58
kalabagh,32.965,71.557,51.87,40.0,0.0,2.42,PK,1612035281.0,25.0,1612058985.0,1612097071.0,10000.0,51.87
hobyo,5.3505,48.5268,75.67,77.0,4.0,14.97,SO,1612035282.0,68.0,1611975745.0,1612018546.0,10000.0,75.67
vilhena,-12.7406,-60.1458,77.0,83.0,75.0,11.5,BR,1612035282.0,70.0,1612000431.0,1612046030.0,10000.0,77.0
merauke,-8.4667,140.3333,79.7,86.0,100.0,8.99,ID,1612035283.0,293.0,1612039066.0,1612083974.0,10000.0,79.7
samarai,-10.6167,150.6667,82.36,77.0,100.0,19.98,PG,1612035284.0,290.0,1612036417.0,1612081663.0,10000.0,82.36
rio verde de mato grosso,-18.9181,-54.8442,82.6,71.0,100.0,3.78,BR,1612035285.0,3.0,1611998641.0,1612045275.0,10000.0,82.6
puerto escondido,15.85,-97.0667,86.0,74.0,1.0,4.61,MX,1612035285.0,180.0,1612011509.0,1612052676.0,10000.0,86.0
karasjok,69.4719,25.5112,24.8,86.0,90.0,9.22,NO,1612035286.0,330.0,1611993933.0,1612011408.0,10000.0,24.8
grand forks,47.9417,-97.4337,25.0,100.0,90.0,3.44,US,1612035286.0,140.0,1612015166.0,1612049195.0,1609.0,24.85
pontianak,-0.0333,109.3333,75.2,100.0,90.0,1.14,ID,1612035287.0,100.0,1612047149.0,1612090772.0,10000.0,75.2
roma,43.2128,-75.4557,17.6,62.0,90.0,13.8,US,1612035124.0,290.0,1612009152.0,1612044658.0,10000.0,16.2
oistins,13.0667,-59.5333,84.2,58.0,20.0,17.27,BB,1612035287.0,100.0,1612002279.0,1612043888.0,10000.0,84.2
kerouane,9.2667,-9.0167,78.78,17.0,10.0,3.27,GN,1612035288.0,66.0,1611989858.0,1612032058.0,10000.0,78.78
launceston,-41.45,147.1667,57.2,72.0,90.0,6.91,AU,1612035083.0,150.0,1612034124.0,1612085636.0,10000.0,57.06
berbera,10.4396,45.0143,74.48,75.0,0.0,7.02,SO,1612035290.0,50.0,1611976982.0,1612018996.0,10000.0,74.48
salalah,17.0151,54.0924,71.6,56.0,0.0,5.75,OM,1612035267.0,360.0,1611975331.0,1612016289.0,10000.0,71.6
krasnoselkup,65.7,82.4667,-31.32,81.0,90.0,8.55,RU,1612035291.0,155.0,1612063659.0,1612087160.0,10000.0,-31.32
muncie,40.1934,-85.3864,35.6,51.0,75.0,16.11,US,1612035156.0,130.0,1612011122.0,1612047456.0,10000.0,33.58
kandrian,-6.2167,149.55,81.27,77.0,100.0,16.46,PG,1612035292.0,342.0,1612037027.0,1612081589.0,10000.0,81.27
sungairaya,0.7,108.9,76.64,89.0,100.0,8.55,ID,1612035292.0,22.0,1612047309.0,1612090821.0,10000.0,76.64
kuusamo,65.9667,29.1833,12.2,79.0,90.0,4.61,FI,1612035293.0,70.0,1611990378.0,1612013200.0,10000.0,12.2
saint-pierre,-21.3393,55.4781,78.8,65.0,0.0,4.61,RE,1612035293.0,80.0,1611971938.0,1612019017.0,10000.0,74.71
nuuk,64.1835,-51.7216,19.4,68.0,20.0,5.75,GL,1612035293.0,50.0,1612008791.0,1612033626.0,10000.0,19.2
wadi musa,30.3222,35.4793,45.18,55.0,0.0,5.55,JO,1612035294.0,218.0,1611981002.0,1612019553.0,10000.0,45.18
buala,-8.145,159.5921,81.86,83.0,100.0,14.58,SB,1612035294.0,328.0,1612034467.0,1612079327.0,10000.0,81.86
princeton,25.5384,-80.4089,75.2,56.0,90.0,11.5,US,1612035295.0,70.0,1612008345.0,1612047844.0,10000.0,72.77
ayan,56.45,138.1667,-5.78,82.0,100.0,5.7,RU,1612035295.0,319.0,1612046796.0,1612077284.0,10000.0,-5.78
kavieng,-2.5744,150.7967,82.51,74.0,100.0,14.72,PG,1612035296.0,15.0,1612037005.0,1612081012.0,10000.0,82.51
aksu,41.1231,80.2644,18.43,82.0,0.0,1.61,CN,1612035297.0,349.0,1612057858.0,1612094018.0,10000.0,18.43
xuanhua,40.6103,115.0447,24.28,82.0,0.0,1.32,CN,1612035297.0,172.0,1612049449.0,1612085731.0,10000.0,24.28
catamarca,-28.4696,-65.7852,73.0,83.0,59.0,13.4,AR,1612035044.0,211.0,1612000372.0,1612048796.0,10000.0,70.39
kitakata,37.65,139.8667,28.99,80.0,92.0,4.97,JP,1612035299.0,313.0,1612043125.0,1612080139.0,1659.0,27.97
chernyshevskiy,63.0128,112.4714,-31.25,85.0,100.0,4.65,RU,1612035299.0,332.0,1612055154.0,1612081261.0,3894.0,-31.25
clyde,41.3042,-82.9752,32.0,56.0,100.0,1.99,US,1612035064.0,123.0,1612010690.0,1612046730.0,10000.0,31.33
bonfim,3.0833,-59.95,91.24,46.0,80.0,13.56,BR,1612035300.0,43.0,1612001609.0,1612044758.0,10000.0,91.24
ekibastuz,51.6667,75.3667,13.8,91.0,100.0,10.89,KZ,1612035300.0,120.0,1612060746.0,1612093481.0,10000.0,13.8
san quintin,30.4833,-115.95,60.93,53.0,0.0,6.69,MX,1612035301.0,279.0,1612017348.0,1612055903.0,10000.0,60.93
poronaysk,49.2167,143.1167,-1.97,88.0,100.0,8.75,RU,1612035309.0,342.0,1612044033.0,1612077670.0,10000.0,-1.97
kholm,59.2667,32.85,24.71,97.0,96.0,7.74,RU,1612035309.0,197.0,1611986582.0,1612015235.0,743.0,24.71
alta floresta,-9.8756,-56.0861,84.2,70.0,20.0,3.44,BR,1612035310.0,70.0,1611999686.0,1612044826.0,10000.0,84.2
quzhou,28.9594,118.8686,50.99,70.0,99.0,1.48,CN,1612035081.0,78.0,1612047229.0,1612086115.0,10000.0,50.99
saint-joseph,-21.3667,55.6167,78.8,65.0,0.0,4.61,RE,1612035311.0,80.0,1611971902.0,1612018986.0,10000.0,73.94
ornskoldsvik,63.2909,18.7153,14.0,85.0,90.0,11.5,SE,1612035312.0,330.0,1611991502.0,1612017101.0,10000.0,14.0
vilyuysk,63.7553,121.6247,-50.17,76.0,69.0,3.06,RU,1612035312.0,84.0,1612053293.0,1612078728.0,10000.0,-50.17
mayskiy,47.6931,40.1025,39.2,75.0,20.0,8.95,RU,1612035313.0,160.0,1611982143.0,1612016193.0,10000.0,39.2
dharchula,29.85,80.5333,43.14,42.0,0.0,5.97,IN,1612035313.0,32.0,1612056513.0,1612095234.0,10000.0,43.14
ponta do sol,32.6667,-17.1,62.01,75.0,69.0,1.99,PT,1612035314.0,266.0,1611993859.0,1612031937.0,10000.0,58.19
belen,36.4891,36.2233,46.4,100.0,75.0,23.02,TR,1612035314.0,50.0,1611981495.0,1612018704.0,7000.0,46.4
manbij,36.5281,37.9549,41.0,100.0,90.0,13.8,SY,1612035315.0,100.0,1611981084.0,1612018283.0,4000.0,41.0
kargasok,59.0556,80.8572,-23.51,84.0,100.0,8.88,RU,1612035316.0,127.0,1612061280.0,1612090311.0,10000.0,-23.51
rosa zarate,0.3333,-79.4667,81.79,80.0,37.0,4.74,EC,1612035316.0,283.0,1612006084.0,1612049652.0,7051.0,81.79
batagay-alyta,67.8006,130.4114,-35.95,81.0,94.0,1.3,RU,1612035318.0,36.0,1612053531.0,1612074272.0,10000.0,-35.95
kochi,9.9399,76.2602,78.8,83.0,20.0,4.61,IN,1612035318.0,90.0,1612055842.0,1612097957.0,3500.0,78.8
upington,-28.4478,21.2561,80.6,18.0,0.0,5.75,ZA,1612035319.0,200.0,1611979473.0,1612027911.0,10000.0,80.6
torbay,47.6666,-52.7314,30.0,86.0,90.0,16.11,CA,1612035317.0,340.0,1612004400.0,1612038502.0,10000.0,28.85
chumikan,54.7183,135.315,-17.01,80.0,99.0,23.02,RU,1612035321.0,253.0,1612047045.0,1612078404.0,10000.0,-17.01
bar harbor,44.3876,-68.2039,18.0,45.0,1.0,11.5,US,1612035322.0,350.0,1612007586.0,1612042744.0,10000.0,17.01
la palma,33.8464,-118.0467,61.0,62.0,20.0,2.01,US,1612035322.0,236.0,1612018203.0,1612056054.0,10000.0,58.57
tibati,6.4667,12.6333,74.17,20.0,3.0,6.71,CM,1612035323.0,15.0,1611984446.0,1612027077.0,10000.0,74.17
krk,45.0258,14.5731,48.2,87.0,75.0,3.44,HR,1612035323.0,120.0,1611987831.0,1612022761.0,10000.0,48.09
sao felix do xingu,-6.6447,-51.995,81.19,91.0,98.0,3.85,BR,1612035316.0,88.0,1611998956.0,1612043592.0,7441.0,81.19
boyolangu,-8.1181,111.8935,73.71,89.0,100.0,4.83,ID,1612035325.0,356.0,1612045920.0,1612090773.0,10000.0,73.71
lagoa,39.05,-27.9833,62.1,90.0,70.0,28.07,PT,1612035325.0,227.0,1611997207.0,1612033814.0,10000.0,62.1
mumford,5.2618,-0.759,80.53,85.0,25.0,10.76,GH,1612035326.0,197.0,1611987568.0,1612030384.0,10000.0,80.53
mobara,35.4167,140.3,39.2,74.0,20.0,1.14,JP,1612035326.0,0.0,1612042762.0,1612080294.0,10000.0,34.92
san nicolas,18.1725,120.5953,73.4,53.0,40.0,6.91,PH,1612035327.0,110.0,1612045855.0,1612086660.0,10000.0,73.4
pangai,-19.8,-174.35,78.8,94.0,75.0,6.91,TO,1612035327.0,10.0,1612113695.0,1612160410.0,10000.0,78.8
santo domingo,18.5001,-69.9886,84.2,78.0,40.0,11.5,DO,1612035327.0,360.0,1612005229.0,1612045957.0,8000.0,81.03
providencia,28.7167,-111.5833,69.01,48.0,0.0,5.99,MX,1612035328.0,270.0,1612016125.0,1612055029.0,10000.0,68.22
itarema,-2.9248,-39.9167,83.55,67.0,74.0,16.26,BR,1612035329.0,93.0,1611996343.0,1612040407.0,10000.0,83.55
namibe,-15.1961,12.1522,73.69,78.0,50.0,9.55,AO,1612035330.0,208.0,1611982872.0,1612028882.0,10000.0,73.69
katobu,-4.9408,122.5276,75.06,92.0,100.0,5.06,ID,1612035330.0,252.0,1612043611.0,1612087977.0,10000.0,75.06
port moresby,-9.4431,147.1797,75.2,94.0,90.0,11.5,PG,1612035331.0,330.0,1612037346.0,1612082407.0,6000.0,75.2
sao sebastiao,-23.76,-45.4097,80.92,73.0,61.0,5.64,BR,1612035332.0,37.0,1611995940.0,1612043447.0,10000.0,80.92
punta de bombon,-17.1717,-71.7931,72.95,66.0,77.0,8.23,PE,1612035332.0,157.0,1612002861.0,1612049192.0,10000.0,72.95
mozhga,56.4447,52.2276,28.71,98.0,94.0,11.7,RU,1612035333.0,199.0,1611981106.0,1612011410.0,698.0,28.71
puerto narino,-3.7703,-70.3831,91.4,62.0,75.0,4.61,CO,1612035333.0,50.0,1612003592.0,1612047784.0,10000.0,91.4
kiunga,-6.1219,141.2906,72.36,97.0,99.0,1.39,PG,1612035334.0,348.0,1612039017.0,1612083564.0,10000.0,72.36
okhotsk,59.3833,143.3,-12.5,79.0,0.0,15.9,RU,1612035334.0,334.0,1612046421.0,1612075195.0,10000.0,-12.5
ebebiyin,2.1511,11.3353,71.47,92.0,100.0,3.09,GQ,1612035334.0,234.0,1611984428.0,1612027718.0,10000.0,71.47
metro,-5.1131,105.3067,73.09,93.0,98.0,8.52,ID,1612035335.0,310.0,1612047732.0,1612092123.0,10000.0,73.09
bilma,18.6853,12.9164,63.73,25.0,35.0,5.61,NE,1612035336.0,58.0,1611985351.0,1612026036.0,10000.0,63.73
kendari,-3.945,122.4989,74.25,90.0,100.0,3.38,ID,1612035336.0,241.0,1612043694.0,1612087908.0,10000.0,74.25
miri,4.4148,114.0089,77.0,100.0,40.0,2.3,MY,1612035344.0,0.0,1612046362.0,1612089315.0,10000.0,77.0
saint anthony,45.0205,-93.218,33.01,64.0,90.0,9.22,US,1612035344.0,90.0,1612013681.0,1612048657.0,10000.0,31.66
bagan,54.1001,77.6646,5.86,95.0,100.0,9.55,RU,1612035346.0,105.0,1612060720.0,1612092405.0,5989.0,5.86
ambilobe,-13.2,49.05,74.25,93.0,3.0,2.01,MG,1612035346.0,94.0,1611974178.0,1612019862.0,10000.0,74.25
garowe,8.4054,48.4845,66.88,80.0,0.0,11.25,SO,1612035347.0,93.0,1611975991.0,1612018321.0,10000.0,66.88
koupela,12.1794,-0.3517,78.94,16.0,42.0,9.08,BF,1612035348.0,37.0,1611988006.0,1612029750.0,10000.0,78.94
halifax,44.6453,-63.5724,28.99,54.0,100.0,9.22,CA,1612035230.0,340.0,1612006514.0,1612041592.0,10000.0,27.21
letnyaya stavka,45.4306,43.4472,38.07,89.0,93.0,13.42,RU,1612035349.0,131.0,1611980970.0,1612015761.0,10000.0,38.07
san onofre,9.7359,-75.5263,86.9,53.0,10.0,14.43,CO,1612035349.0,306.0,1612005856.0,1612047988.0,10000.0,86.9
pangnirtung,66.1451,-65.7125,-9.4,77.0,1.0,2.3,CA,1612035350.0,0.0,1612013205.0,1612035929.0,10000.0,-9.4
karachi,24.9056,67.0822,60.8,77.0,0.0,3.44,PK,1612035351.0,250.0,1612059275.0,1612098930.0,5000.0,60.8
dhaulpur,26.7,77.9,50.27,46.0,0.0,0.87,IN,1612035351.0,307.0,1612056843.0,1612096168.0,10000.0,50.27
winfield,37.2398,-96.9956,53.6,94.0,90.0,9.22,US,1612035352.0,230.0,1612013539.0,1612050612.0,10000.0,51.71
bergerac,44.8333,0.5,50.0,81.0,75.0,13.8,FR,1612035352.0,240.0,1611991177.0,1612026171.0,10000.0,49.12
damietta,31.4165,31.8133,59.0,63.0,0.0,5.75,EG,1612035354.0,190.0,1611981994.0,1612020322.0,10000.0,59.0
kampene,-3.6,26.6667,70.21,96.0,100.0,1.83,CD,1612035354.0,27.0,1611980309.0,1612024477.0,10000.0,70.21
tshikapa,-6.4167,20.8,73.26,92.0,100.0,0.76,CD,1612035354.0,261.0,1611981499.0,1612026103.0,10000.0,73.26
